construct,sequence
1-50_WT,MMAYMNPGPHYSVNALALSGPSVDLMHQAVPYPSAPRKQRRERTTFTRSQ
1-50_P7L,MMAYMNLGPHYSVNALALSGPSVDLMHQAVPYPSAPRKQRRERTTFTRSQ
1-50_N14K,MMAYMNPGPHYSVKALALSGPSVDLMHQAVPYPSAPRKQRRERTTFTRSQ
1-50_S22I,MMAYMNPGPHYSVNALALSGPIVDLMHQAVPYPSAPRKQRRERTTFTRSQ
1-50_Q28R,MMAYMNPGPHYSVNALALSGPSVDLMHRAVPYPSAPRKQRRERTTFTRSQ
21-70_WT,PSVDLMHQAVPYPSAPRKQRRERTTFTRSQLEELEALFAKTQYPDVYARE
21-70_Q28R,PSVDLMHRAVPYPSAPRKQRRERTTFTRSQLEELEALFAKTQYPDVYARE
41-90_WT,RERTTFTRSQLEELEALFAKTQYPDVYAREEVALKINLPESRVQVWFKNR
61-110_WT,TQYPDVYAREEVALKINLPESRVQVWFKNRRAKCRQQRQQQKQQQQPPGG
81-130_WT,SRVQVWFKNRRAKCRQQRQQQKQQQQPPGGQAKARPAKRKAGTSPRPSTD
101-150_WT,QKQQQQPPGGQAKARPAKRKAGTSPRPSTDVCPDPLGISDSYSPPLPGPS
101-150_A112V,QKQQQQPPGGQVKARPAKRKAGTSPRPSTDVCPDPLGISDSYSPPLPGPS
101-150_A114S,QKQQQQPPGGQAKSRPAKRKAGTSPRPSTDVCPDPLGISDSYSPPLPGPS
101-150_R115Q,QKQQQQPPGGQAKAQPAKRKAGTSPRPSTDVCPDPLGISDSYSPPLPGPS
101-150_R115W,QKQQQQPPGGQAKAWPAKRKAGTSPRPSTDVCPDPLGISDSYSPPLPGPS
121-170_WT,AGTSPRPSTDVCPDPLGISDSYSPPLPGPSGSPTTAVATVSIWSPASESP
121-170_G122D,ADTSPRPSTDVCPDPLGISDSYSPPLPGPSGSPTTAVATVSIWSPASESP
121-170_Y142L,AGTSPRPSTDVCPDPLGISDSLSPPLPGPSGSPTTAVATVSIWSPASESP
121-170_A158T,AGTSPRPSTDVCPDPLGISDSYSPPLPGPSGSPTTAVTTVSIWSPASESP
121-170_I162L,AGTSPRPSTDVCPDPLGISDSYSPPLPGPSGSPTTAVATVSLWSPASESP
121-170_I162H,AGTSPRPSTDVCPDPLGISDSYSPPLPGPSGSPTTAVATVSHWSPASESP
121-170_W163R,AGTSPRPSTDVCPDPLGISDSYSPPLPGPSGSPTTAVATVSIRSPASESP
141-190_WT,SYSPPLPGPSGSPTTAVATVSIWSPASESPLPEAQRAGLVASGPSLTSAP
141-190_Y142L,SLSPPLPGPSGSPTTAVATVSIWSPASESPLPEAQRAGLVASGPSLTSAP
141-190_P144Q,SYSQPLPGPSGSPTTAVATVSIWSPASESPLPEAQRAGLVASGPSLTSAP
141-190_P153I,SYSPPLPGPSGSITTAVATVSIWSPASESPLPEAQRAGLVASGPSLTSAP
141-190_T155F,SYSPPLPGPSGSPTFAVATVSIWSPASESPLPEAQRAGLVASGPSLTSAP
141-190_A158T,SYSPPLPGPSGSPTTAVTTVSIWSPASESPLPEAQRAGLVASGPSLTSAP
141-190_T159W,SYSPPLPGPSGSPTTAVAWVSIWSPASESPLPEAQRAGLVASGPSLTSAP
141-190_V160Q,SYSPPLPGPSGSPTTAVATQSIWSPASESPLPEAQRAGLVASGPSLTSAP
141-190_I162L,SYSPPLPGPSGSPTTAVATVSLWSPASESPLPEAQRAGLVASGPSLTSAP
141-190_I162H,SYSPPLPGPSGSPTTAVATVSHWSPASESPLPEAQRAGLVASGPSLTSAP
141-190_W163D,SYSPPLPGPSGSPTTAVATVSIDSPASESPLPEAQRAGLVASGPSLTSAP
141-190_W163R,SYSPPLPGPSGSPTTAVATVSIRSPASESPLPEAQRAGLVASGPSLTSAP
141-190_P165I,SYSPPLPGPSGSPTTAVATVSIWSIASESPLPEAQRAGLVASGPSLTSAP
141-190_R176W,SYSPPLPGPSGSPTTAVATVSIWSPASESPLPEAQWAGLVASGPSLTSAP
141-190_P184L,SYSPPLPGPSGSPTTAVATVSIWSPASESPLPEAQRAGLVASGLSLTSAP
141-190_T187F,SYSPPLPGPSGSPTTAVATVSIWSPASESPLPEAQRAGLVASGPSLFSAP
141-190_S188I,SYSPPLPGPSGSPTTAVATVSIWSPASESPLPEAQRAGLVASGPSLTIAP
161-210_WT,SIWSPASESPLPEAQRAGLVASGPSLTSAPYAMTYAPASAFCSSPSAYGS
161-210_I162H,SHWSPASESPLPEAQRAGLVASGPSLTSAPYAMTYAPASAFCSSPSAYGS
161-210_I162L,SLWSPASESPLPEAQRAGLVASGPSLTSAPYAMTYAPASAFCSSPSAYGS
161-210_W163R,SIRSPASESPLPEAQRAGLVASGPSLTSAPYAMTYAPASAFCSSPSAYGS
161-210_R176W,SIWSPASESPLPEAQWAGLVASGPSLTSAPYAMTYAPASAFCSSPSAYGS
161-210_G178R,SIWSPASESPLPEAQRARLVASGPSLTSAPYAMTYAPASAFCSSPSAYGS
161-210_T187F,SIWSPASESPLPEAQRAGLVASGPSLFSAPYAMTYAPASAFCSSPSAYGS
161-210_T187I,SIWSPASESPLPEAQRAGLVASGPSLISAPYAMTYAPASAFCSSPSAYGS
161-210_A192D,SIWSPASESPLPEAQRAGLVASGPSLTSAPYDMTYAPASAFCSSPSAYGS
161-210_A196V,SIWSPASESPLPEAQRAGLVASGPSLTSAPYAMTYVPASAFCSSPSAYGS
181-230_WT,ASGPSLTSAPYAMTYAPASAFCSSPSAYGSPSSYFSGLDPYLSPMVPQLG
181-230_T187F,ASGPSLFSAPYAMTYAPASAFCSSPSAYGSPSSYFSGLDPYLSPMVPQLG
181-230_A192D,ASGPSLTSAPYDMTYAPASAFCSSPSAYGSPSSYFSGLDPYLSPMVPQLG
181-230_A196V,ASGPSLTSAPYAMTYVPASAFCSSPSAYGSPSSYFSGLDPYLSPMVPQLG
181-230_P211L,ASGPSLTSAPYAMTYAPASAFCSSPSAYGSLSSYFSGLDPYLSPMVPQLG
181-230_S213F,ASGPSLTSAPYAMTYAPASAFCSSPSAYGSPSFYFSGLDPYLSPMVPQLG
201-250_WT,FCSSPSAYGSPSSYFSGLDPYLSPMVPQLGGPALSPLSGPSVGPSLAQSP
201-250_P211L,FCSSPSAYGSLSSYFSGLDPYLSPMVPQLGGPALSPLSGPSVGPSLAQSP
221-270_WT,YLSPMVPQLGGPALSPLSGPSVGPSLAQSPTSLSGQSYGAYSPVDSLEFK
221-270_L222A,YASPMVPQLGGPALSPLSGPSVGPSLAQSPTSLSGQSYGAYSPVDSLEFK
221-270_M225L,YLSPLVPQLGGPALSPLSGPSVGPSLAQSPTSLSGQSYGAYSPVDSLEFK
221-270_P232E,YLSPMVPQLGGEALSPLSGPSVGPSLAQSPTSLSGQSYGAYSPVDSLEFK
221-270_S238Y,YLSPMVPQLGGPALSPLYGPSVGPSLAQSPTSLSGQSYGAYSPVDSLEFK
221-270_V242M,YLSPMVPQLGGPALSPLSGPSMGPSLAQSPTSLSGQSYGAYSPVDSLEFK
221-270_S245W,YLSPMVPQLGGPALSPLSGPSVGPWLAQSPTSLSGQSYGAYSPVDSLEFK
221-270_S245D,YLSPMVPQLGGPALSPLSGPSVGPDLAQSPTSLSGQSYGAYSPVDSLEFK
221-270_A247C,YLSPMVPQLGGPALSPLSGPSVGPSLCQSPTSLSGQSYGAYSPVDSLEFK
221-270_S252F,YLSPMVPQLGGPALSPLSGPSVGPSLAQSPTFLSGQSYGAYSPVDSLEFK
221-270_D265E,YLSPMVPQLGGPALSPLSGPSVGPSLAQSPTSLSGQSYGAYSPVESLEFK
221-270_D265V,YLSPMVPQLGGPALSPLSGPSVGPSLAQSPTSLSGQSYGAYSPVVSLEFK
221-270_D265Y,YLSPMVPQLGGPALSPLSGPSVGPSLAQSPTSLSGQSYGAYSPVYSLEFK
221-270_L267I,YLSPMVPQLGGPALSPLSGPSVGPSLAQSPTSLSGQSYGAYSPVDSIEFK
221-270_F269Q,YLSPMVPQLGGPALSPLSGPSVGPSLAQSPTSLSGQSYGAYSPVDSLEQK
221-270_F269Y,YLSPMVPQLGGPALSPLSGPSVGPSLAQSPTSLSGQSYGAYSPVDSLEYK
221-270_K270W,YLSPMVPQLGGPALSPLSGPSVGPSLAQSPTSLSGQSYGAYSPVDSLEFW
251-299_WT,TSLSGQSYGAYSPVDSLEFKDPTGTWKFTYNPMDPLDYKDQSAWKFQIL
251-299_S252F,TFLSGQSYGAYSPVDSLEFKDPTGTWKFTYNPMDPLDYKDQSAWKFQIL
251-299_V264L,TSLSGQSYGAYSPLDSLEFKDPTGTWKFTYNPMDPLDYKDQSAWKFQIL
251-299_D265Y,TSLSGQSYGAYSPVYSLEFKDPTGTWKFTYNPMDPLDYKDQSAWKFQIL
251-299_D265E,TSLSGQSYGAYSPVESLEFKDPTGTWKFTYNPMDPLDYKDQSAWKFQIL
251-299_D265V,TSLSGQSYGAYSPVVSLEFKDPTGTWKFTYNPMDPLDYKDQSAWKFQIL
251-299_F269Y,TSLSGQSYGAYSPVDSLEYKDPTGTWKFTYNPMDPLDYKDQSAWKFQIL
251-299_N281D,TSLSGQSYGAYSPVDSLEFKDPTGTWKFTYDPMDPLDYKDQSAWKFQIL
251-299_L286P,TSLSGQSYGAYSPVDSLEFKDPTGTWKFTYNPMDPPDYKDQSAWKFQIL
251-299_I298N,TSLSGQSYGAYSPVDSLEFKDPTGTWKFTYNPMDPLDYKDQSAWKFQNL
